filename,edge_density,hog_mean,blur_value,power_mean,wavelet_energy,lbp_0,lbp_1,lbp_2,lbp_3,lbp_4,lbp_5,lbp_6,lbp_7,lbp_8,lbp_9,label
input_image_degree (2).png,12.395558733862773,0.09965010364023653,275.0782673408633,12720189496.999998,33686203.5,0.013886860627046558,0.04367044299747826,0.025566637810982725,0.12201738868606271,0.26741390342128046,0.21371372652339193,0.07571982385486846,0.055443562045993454,0.10959840415521849,0.07296924987767699,0
input_image_candle (2).png,13.627784879474069,0.10207291489475878,387.0796744200606,9953545779.999998,27394138.0,0.015060262965668371,0.04539444850255661,0.03155953250547845,0.12945398100803507,0.2795708546384222,0.2152337472607743,0.08086559532505479,0.05720964207450694,0.07161066471877282,0.07404127100073046,0
input_image_bottle (2).png,13.254649900056192,0.10350501763648393,309.1652440546463,12031566600.999996,33200564.0,0.015119281656974397,0.04551768914756913,0.031105347199678335,0.1270579937743165,0.27983606908564185,0.21468391226037792,0.08257681995778136,0.0567776402715044,0.0738562490009739,0.07346899764518218,0
input_image_decade (2).png,13.700314586496756,0.10061138099138023,374.6054934335761,10669205201.000004,29078015.5,0.014763042988644372,0.04485763689598303,0.029366249881939248,0.12756010200448994,0.2730854178624102,0.22179801076714062,0.08226654848482647,0.056741813849071135,0.07592396161027601,0.07363721565521901,0
input_image_crutch (2).png,13.841122793096607,0.09786788042094265,548.6189941475302,9341805519.0,24683492.5,0.015036699067645308,0.046193215631819086,0.032192025391787345,0.12555445348145208,0.2617496528466574,0.20896647490577266,0.07429875024796667,0.051513588573695694,0.11291212061098989,0.07158301924221384,0
input_image_avenue (2).png,13.309022116120895,0.10236306036720896,311.42827903594855,10695783965.999994,29134776.5,0.014397549659925228,0.04373496689338318,0.031742714292149005,0.12979595513715597,0.28910769785144813,0.21372730958064953,0.08127021305346606,0.05365884419620738,0.07257871267060043,0.06998603666501509,0
input_image_agenda (2).png,12.465288048826132,0.10426281986163019,344.50150036813176,12086769649.999994,33635090.0,0.014998581337647676,0.04454448864768275,0.031867080392878916,0.1288054862993438,0.27509824991397475,0.2140369093686047,0.08024950346817669,0.05596019293807992,0.08325736949815574,0.07118213813545508,0
input_image_desert (2).png,13.19110492575601,0.09962994515272744,277.1153140871491,11258181134.0,30351723.5,0.014037111003261967,0.04274377241651039,0.025815026692663195,0.12132014116588682,0.2773382079643399,0.21903710254818967,0.07569149808661714,0.054956278821227646,0.0984035132516348,0.07065734804966847,0
input_image_bubble (3).png,11.313125859079806,0.08815629524817716,300.73076319545373,26129551281.999992,56909018.5,0.01906027380215957,0.04153397759672461,0.008935016885209918,0.10272100139800383,0.1831948437017639,0.22609982756779026,0.03789282909726045,0.06888954361220243,0.24562023361101687,0.06605245272786817,0
input_image_belong (3).png,13.628615702479339,0.07832105298518122,316.0423131636446,17429634370.999996,37802067.5,0.02005526323314936,0.03406052503646086,0.005674668992536247,0.08999399468100318,0.1913980954559753,0.21884740770396638,0.025520818439188995,0.051461651748691696,0.3141246532643198,0.04886292144470817,0
input_image_belong (2).png,12.793448362493237,0.10078819199879123,241.79679082808343,11326698900.0,31540397.0,0.013915908680976061,0.042224419593393285,0.026487090623309027,0.1254718621969131,0.27608125692494007,0.22246450565590456,0.07850305341544488,0.0567684042361308,0.08634756113272694,0.07173593754026128,0
input_image_create (2).png,13.984066587395958,0.10101760825503753,328.2935699634637,9950700235.999996,27357184.0,0.014563614744351963,0.04339976218787158,0.03205136741973841,0.13135600475624257,0.28774887039239,0.21474054696789535,0.08095695600475625,0.052969322235434005,0.0724756242568371,0.06973793103448275,0
input_image_bubble (2).png,14.498991526481696,0.10127831592064539,270.6568082892011,10027785829.000002,27461934.5,0.014294185574732374,0.04228566524140944,0.031553322305795696,0.12943182172841047,0.30037295964545424,0.21490434131269312,0.07837029118941356,0.05291852626322524,0.06809829593333541,0.06777059080553041,0
input_image_banana (3).png,11.162033284827498,0.08881250652886405,296.4083180005458,25777537216.0,56124760.0,0.017503545838015066,0.039275912247416604,0.008133553758588296,0.10228361178139218,0.18162173736852769,0.21968653870949917,0.038029112711599034,0.06856015951666083,0.2615884433310615,0.0633173847372396,0
input_image_create (1).png,11.685085227272728,0.08598803488215807,362.79175915568885,23068378861.999992,49814845.0,0.017797004132231405,0.039227789256198346,0.008765495867768595,0.10072184917355372,0.17124612603305786,0.21266528925619835,0.03690986570247934,0.06371384297520662,0.28499870867768595,0.06395402892561984,0
input_image_carbon (2).png,13.670660536686057,0.09821699747763635,422.98358511808885,9850819974.0,26149811.0,0.014651904672546444,0.04451679489585288,0.03144492400075061,0.12623006192531433,0.2612234940889473,0.20638206042409457,0.07268718333646088,0.05058735222368174,0.12157628072809157,0.07069994370425971,0
input_image_candle (3).png,11.010391914975445,0.0925216961875428,308.61270708427065,25371489088.999996,55746395.0,0.017143679666775,0.04001691314806089,0.011129616114271705,0.11110948676917264,0.20675873686672686,0.24761680924015658,0.04447685631358596,0.06705995733478474,0.18765947445541126,0.06702847009105437,0
input_image_active (1).png,12.033151417065001,0.1013921083949801,344.0456728266602,12234049437.999996,32780375.5,0.015452595129662388,0.046634799954834584,0.02777071022620347,0.12385411569874666,0.251324475892958,0.21573111520945462,0.08077232865369416,0.059796002860476496,0.10083932402423877,0.07782453234973088,0
input_image_branch (2).png,13.796870322540222,0.10393940931443628,447.4333310589171,10770796480.000002,29245031.0,0.01598951552829624,0.04776839481763563,0.03556261791549766,0.13312877242570018,0.27850509255713896,0.20335245507898161,0.08139737261645352,0.05542985637805362,0.07684261457383337,0.07202330810840916,0
input_image_detail (2).png,14.23228206665825,0.10023146223453305,356.86867110653213,9516629834.999998,25813930.5,0.014901054159828304,0.04448025817447292,0.030717396793334174,0.1267516727685898,0.2850038663047595,0.2110371165256912,0.07758253377098852,0.053990184320161595,0.08508237596263098,0.07045354121954299,0
input_image_assume (2).png,13.811571502137886,0.09892947526762175,387.44502140843684,9322544004.999989,25662658.5,0.014235666801910053,0.04393004275771668,0.029060422583564807,0.12577439842701538,0.27911504010486565,0.21756304422458725,0.07785142473705564,0.055085671483411876,0.08533597578103055,0.0720483130988421,0
input_image_detail (1).png,12.110490482108284,0.08346133771865455,330.68111848100466,21759896980.0,47910648.0,0.015352900703507939,0.03657281227165327,0.0070990831462112445,0.09396951287808884,0.1793611891897658,0.21326051128332862,0.034192672636794694,0.0599715183290753,0.3022163966952728,0.05800340286630149,0
input_image_assume (3).png,12.77308668327595,0.07920523545295242,378.2791305510059,18256498897.0,39868232.5,0.013400321171549223,0.031058147910732813,0.007180100580884345,0.08228699255225647,0.176637743604655,0.19357359520489556,0.03370814361522855,0.0459205926474184,0.36561514925225186,0.05061921346012781,0
input_image_active (4).png,11.611592182549755,0.08476329816258368,261.03143306484714,22801637807.000004,50565942.0,0.01242010356098799,0.03201011130422683,0.007390219297284971,0.09494035386988009,0.1996067826134011,0.22288159286539777,0.03500820061817071,0.056921180012909696,0.2897543164369248,0.049067139420816044,0
input_image_decade (1).png,12.47973849338207,0.08115799885385118,288.00337393432915,21331461406.000023,46948535.5,0.01649758992841526,0.0356247362985335,0.007223821991388238,0.10012061012528395,0.18802536080043072,0.2270027460467865,0.03388022235449717,0.06254821208629946,0.27393556947441544,0.055141130893949744,0
input_image_branch (4).png,12.9167024066268,0.09074295193482626,516.0409661325322,18437327318.99999,41460111.5,0.013707295853347711,0.04020286001372415,0.013469880403881973,0.11721430497010098,0.21704673561415547,0.2651961204783845,0.05611735369081463,0.06701089353984903,0.13854952945789628,0.07148502597784531,0
input_image_effort(1).png,14.427128056560923,0.10245792718096898,389.97459096892936,9520392031.999996,27012470.0,0.015648949915335168,0.04716152123843382,0.033685367830574034,0.126969159531013,0.2806057347382613,0.21394321437456362,0.08138457093789374,0.05657496649519698,0.07056673274001075,0.07345978219871759,0
input_image_canvas (3).png,12.154235294117647,0.08021117993821694,226.82208756023704,22823159756.00001,49764108.0,0.014651903114186852,0.0318159169550173,0.006624221453287197,0.09476401384083045,0.2091031141868512,0.23945743944636677,0.030816608996539794,0.05875432525951557,0.2651363321799308,0.04887612456747405,0
input_image_agenda (3).png,11.853194427247915,0.08240138188859836,263.6121660532917,22885050049.999985,49854408.0,0.014751481742669345,0.034028940412680814,0.007365647256420885,0.09795920564596444,0.19584304563390592,0.22618714369539356,0.03543397160867997,0.06274191030410042,0.27210770829183734,0.053580945408347284,0
input_image_active (5).png,12.391548234171127,0.09181871957915425,517.1662541766475,20198701816.000008,44434356.0,0.013839395495903184,0.040220242971534,0.013143860741719426,0.11488109702418803,0.21085179725889464,0.2454451931709546,0.052450304914869746,0.06728352935869658,0.17308193195691177,0.06880264710632805,0
input_image_decade (3).png,14.217457710433507,0.08718546265786781,655.8521058809444,15784587224.999994,34257169.5,0.013412502730876064,0.03810157298461347,0.014444383758309665,0.11788411722480571,0.23123498018164226,0.2656186604662776,0.052071954683062326,0.06193041727786274,0.13744109110202554,0.06786031959052465,0
input_image_bottle (1).png,11.220336436487079,0.07752692448397687,409.58125550806346,27570259079.00001,57702215.5,0.009277768452535364,0.027903733761851048,0.005445289454872413,0.0838708390018417,0.1506933089494547,0.18051269530676853,0.02878995784860006,0.05479799372952441,0.41409084559863557,0.044617567895916206,0
input_image_branch (3).png,12.419849795797472,0.08421704099940756,376.691170804638,21301855453.000015,46007574.5,0.01942487226661958,0.04096724215514835,0.008726311652360149,0.09716138550133571,0.17000786051571817,0.20774118397594,0.03471727775531012,0.06366590529787368,0.29080063339807816,0.06678732748161607,0
input_image_create(1).png,11.501189230212152,0.0855386080196626,435.7666995168901,25378775890.000034,53410298.0,0.01493420171526927,0.039392165713463725,0.008580066567130123,0.0952463033417493,0.1635805377949514,0.19854688220792555,0.036139453673344875,0.06394561534913021,0.315501907232603,0.06413286640443251,0
input_image_avenue (4).png,12.582493184800242,0.0887519504213909,522.3894367782104,20217375076.99999,44204464.0,0.011403011307226013,0.033438190357309557,0.012319813416326984,0.11404227628432116,0.2182703608368898,0.25921629383887695,0.050871114043796684,0.06580449765173987,0.17374996389046418,0.06088447837304876,0
input_image_adjust (4).png,12.658006003662528,0.08998403375842068,344.739038197499,17932993426.0,40487560.0,0.015097686573403874,0.04040422256504924,0.012189303906315322,0.11490078873895217,0.22141743488518117,0.24806831912204222,0.05304437496823568,0.07192263111903875,0.15200807920506393,0.07094715891671763,0
input_image_detail (3).png,12.049898092151425,0.10081370853806436,242.1086839761136,19660539438.999996,47922221.5,0.011734438170336463,0.03781616492365265,0.02060209161682649,0.12346419860336129,0.28889171038123557,0.24101573724481273,0.0751338166995222,0.05326873600855358,0.07991981021751479,0.06815329613418424,0
input_image_degree (3).png,12.827228997332107,0.09005976152489463,545.7115772454213,19164354695.999992,41796084.0,0.011994639336820045,0.03590462745878446,0.012122126106180933,0.11224588155546296,0.2137144669498324,0.2667411894204638,0.05200838303244383,0.06514729386011281,0.16654436228630418,0.06357702999359456,0
input_image_agenda(1).png,14.008553878500011,0.10133730644191441,444.6504665922034,10216961792.000002,27819542.0,0.01583781585469725,0.04845727089264201,0.033206467108140666,0.12824487227691622,0.27541800630750224,0.2109080654691109,0.08167908472157212,0.05821011195432816,0.07395201080409143,0.074086294610999,0
input_image_adjust (2).png,13.713326537204935,0.10127312045264629,429.39310931298064,9219809984.0,26087777.5,0.015211979240213478,0.04716990256518384,0.031555571890336025,0.12772336791363373,0.2686701704770766,0.2182814564348181,0.07920133240225084,0.05769100570449222,0.07992092246803917,0.07457429090395601,0
input_image_belong (1).png,12.250197356018475,0.08484734141538106,304.50926652059167,21166008697.000008,45998462.5,0.01280899472146291,0.03427514374587614,0.008610024507493638,0.09556302431897445,0.20262130031105666,0.2166321048166651,0.02933240644735602,0.054979852012442265,0.2939824088038458,0.051194740314827035,0
input_image_banana (4).png,11.23131513322595,0.0899238525460534,289.6391871354162,25042599661.999985,54607901.0,0.015662296958993963,0.039092064662617165,0.009979817190320013,0.10734246734848338,0.19391265112849077,0.2303787672960857,0.0426555919967397,0.0731190203574686,0.22306128587785518,0.06479603718294552,0
input_image_banana (2).png,14.544718088197314,0.10161678965941123,344.5097163076259,9801362099.000002,26370161.5,0.014666596720041322,0.044011896306818184,0.033350416451446284,0.12917662060950413,0.29932649470557854,0.20924465715392562,0.07973511751033058,0.05262138429752066,0.06846429493801653,0.06940252130681818,0
input_image_crutch (4).png,11.489264540355917,0.09276280152752316,274.02289926369576,25201101929.99998,55580347.0,0.01287017989869782,0.03662864600516214,0.012104834171049312,0.11005938403617381,0.23185851656348852,0.24747714879000174,0.0514188612237769,0.06670515631974228,0.17051320615575696,0.06036406683615052,0
input_image_belong (4).png,10.612329399437431,0.09553896675038791,292.2922544993643,28528313916.000004,63887595.0,0.015494402305200326,0.041333898084879625,0.012093217805728989,0.11598884157979739,0.21257191868000241,0.24063802841150952,0.05468407537954367,0.07724491380321084,0.15917120950134622,0.07077949444878101,0
input_image_candle (4).png,12.969408493897284,0.09075160671887197,615.1052292464442,17723870505.000015,39372426.0,0.011951971713247135,0.03732472304391153,0.013313728237477743,0.11638216712924408,0.23284462279344278,0.2657424564198555,0.055281017743766224,0.0644417821535904,0.13689195209765603,0.06582557866780855,0
input_image_crutch (3).png,11.98787657974368,0.08141699939420739,337.96705483421727,20459747706.999996,45297368.5,0.014999221253114987,0.03450404948380206,0.007285455233179067,0.09037774786400854,0.16627775676397294,0.19605370016019935,0.032259589711641154,0.05265719562121751,0.34998275631897474,0.05560252758988964,0
input_image_desert (3).png,12.188467961701864,0.09174326511941407,442.2784503875789,20913514739.000004,46791009.5,0.014619924283884655,0.04066073876811799,0.01238285723957775,0.11553336981849573,0.21163698015696142,0.2604039133157678,0.054039415259449,0.0733253028362512,0.14559272403112147,0.07180477429037299,0
input_image_canvas (1).png,11.423445900707465,0.08800351395259455,468.0469972069199,27530939872.0,57594696.5,0.01072555355106322,0.03378448285088757,0.008217493628766698,0.10004768762583409,0.1713258230277718,0.21773266150466947,0.037969339591789164,0.06356249160115068,0.2990549287718117,0.05757953784625557,0
input_image_avenue (3).png,12.01365143033686,0.07829658909860965,221.82169398589073,23232255145.000004,51098866.5,0.014711811864752919,0.029574171724206545,0.005983955511103896,0.08817530593970749,0.20007304850525479,0.22699102995774184,0.027672030538988004,0.04943210678172897,0.31258083772758927,0.04480570144892627,0
input_image_banana (1).png,11.68335503428583,0.0747890943398037,342.5526599999366,25805426873.999996,53898571.0,0.006569355909026926,0.02191000221198898,0.004882714311568702,0.07229810573307326,0.1605363570552394,0.16168131271491484,0.021887379597418006,0.04505419373001669,0.4718788332763579,0.03330174546039534,0
input_image_create (3).png,13.608181848323616,0.08912180174671368,488.8991273938137,14866729837.999998,35247792.5,0.013257156019816805,0.04169102467677284,0.013049494894851923,0.11211606686339214,0.24180829213557653,0.25783309978727825,0.05794094396814234,0.0681686906355303,0.1237869710967125,0.07034825992192639,0
input_image_agenda (4).png,13.425900015618492,0.08977903787164053,312.57775188260865,17522563788.000004,40613501.0,0.013762169408579758,0.03773492815493544,0.012522451582673885,0.11027794408579758,0.2530716368179925,0.26012110839233654,0.050348487609329445,0.06334274781341108,0.13599639473136194,0.06282213140358184,0
input_image_assume (1).png,11.542553743494482,0.0790600195132795,477.61518967195735,25536286890.99996,52833465.5,0.007732680922162089,0.02542535582526035,0.005504070651356105,0.08000684927952843,0.1397979462539111,0.17224511080785176,0.028063885098147064,0.050505653250035025,0.44786245401383346,0.0428559938979146,0
input_image_crutch (1).png,10.922817060924668,0.08031921255834665,526.3221185472947,27836390565.000004,57612556.5,0.008371582243946279,0.027563288382265957,0.005821018024751363,0.08100706592262792,0.1409092159622906,0.16959360628000494,0.03119827226499273,0.05024324931564637,0.44011389845430077,0.045178803149173045,0
input_image_adjust (3).png,12.368305875676883,0.0779222180349198,320.0462001180144,20141560486.000004,43940554.0,0.016894155714794537,0.03272280545007818,0.0065982891535717085,0.0839470808758278,0.18051874747206442,0.20312528297786284,0.029254628763228274,0.049470567283835094,0.3475843500413525,0.049884092267384654,0
input_image_adjust (1).png,12.43389029631949,0.07600111631174351,353.8568227676207,20052632689.0,44078903.0,0.010494554966448886,0.03046641967133541,0.006711721092032977,0.0729600038352692,0.17529577266441845,0.17060955311623113,0.02947763933188412,0.04390034891960767,0.4147948505518443,0.04528913585092788,0
input_image_double(1).png,11.919996515539006,0.08313584758485426,478.05595275790586,25404256728.999973,53236779.5,0.0128092946696848,0.036334607068515164,0.007613807306706678,0.08975217421264833,0.15616366045227784,0.1799568082857362,0.0319530273855231,0.05678241231314903,0.36910193218562815,0.05953227612013069,0
input_image_canvas (4).png,13.182741693374984,0.08827158841800009,485.9373212458829,18810486365.999992,41440151.0,0.014884173800154164,0.04032942512880847,0.012763195261471053,0.11254493082883688,0.22268165037121182,0.2578246582011441,0.05106089496531299,0.06743153880481967,0.15084912166822184,0.06963041097001907,0
input_image_degree (1).png,11.400201439612534,0.0889574137701927,212.71856842113576,26884405786.999992,58887842.0,0.01797842773267371,0.036110300301928674,0.007738003901882987,0.10484551104629765,0.22005143286326911,0.2601316856665217,0.03362518618165792,0.06315927920153307,0.20190917680883197,0.05445099629540323,0
input_image_assume (4).png,11.624385418970823,0.10054234444071572,295.70948997880254,23216496999.0,52487427.5,0.011095135635142472,0.03617356069898852,0.018537975828993143,0.11918473124333889,0.27647725673148466,0.245829898047417,0.06625786764262302,0.048857306601781655,0.11336569205091597,0.06422057551931469,0
input_image_carbon (3).png,11.712042360889669,0.08640494724176472,362.5347240632853,23445357084.00001,51221073.0,0.015723403619260203,0.03826156927614796,0.008620904416454082,0.09622005540497448,0.17442228356186223,0.2106883769132653,0.036614865672831634,0.0588615573182398,0.29721007055165816,0.06337691326530612,0
input_image_double (3).png,13.300545146788739,0.08771911777514532,383.2319736879903,17300665743.999996,39139213.0,0.015076341109070475,0.040915133905320575,0.012518502782270223,0.11221937446890162,0.22673275129519477,0.24830562484581015,0.053719744524547024,0.07335153915736958,0.14550211068775526,0.07165887722376031,0
input_image_desert (1).png,12.443196014277216,0.07806771844324342,282.88219239557066,20494998574.000004,44867311.0,0.017352766210588934,0.03188280785246877,0.006197204045211184,0.08227394408090423,0.1950639500297442,0.21604550862581798,0.027233789411064843,0.05133848899464604,0.3253019036287924,0.04730963712076145,0
input_image_bottle (3).png,13.217839864313,0.07622271776642325,298.21677160318904,17911392000.000004,39287102.0,0.014426044328252962,0.03105717150775922,0.00650025957071907,0.09091231920941692,0.18467737980691998,0.20875742566723202,0.029716197043768527,0.0544557385421088,0.33042591581115427,0.049071548512668234,0
input_image_assume.png,10.601700005720716,0.10435379887744482,42.11904925396651,15138237257.000004,46481020.5,0.00762166053278923,0.02934607463625789,0.016245637955035183,0.12301205163898477,0.32526672832325854,0.23613680135771628,0.0639242195991686,0.05036016666348849,0.09698875879559886,0.05109790049770218,0
input_image_agenda.png,11.032029790813086,0.10628208920278108,38.7484648064934,17337475393.99999,53627913.0,0.007679979975414731,0.028956101824167597,0.01638876544401442,0.12386287825837018,0.33607045090317456,0.23327899401914,0.06598567520928768,0.048510830564220266,0.08893228020419137,0.05033404359801918,0
input_image_effort (3).png,12.11986525887204,0.08234554806395639,603.5973023121958,21906966304.0,46072117.0,0.011944401313481588,0.03508272518675707,0.0083975984679882,0.08566384302629838,0.16339590198344922,0.1767478103847857,0.03393687927355957,0.05338175502763257,0.37652467953694596,0.054924405799101725,0
input_image_decade(1).png,12.604019722232676,0.08499256847723664,403.7106514200128,21605907307.999996,45716003.5,0.012284993789754978,0.03617750009409462,0.009130942075350973,0.10256313749106101,0.19498362753585005,0.21112574805224132,0.036442470548383454,0.06244269637547518,0.27590349655613683,0.05894538748165155,0
input_image_agenda (1).png,12.187815061431639,0.08559445696812243,530.1305424622941,22504467393.00001,47048743.5,0.012185223369654991,0.0372947294672507,0.008370310034688798,0.10131094035691299,0.16454679570063965,0.20322423545092588,0.037029864263703215,0.06404184300613462,0.31037360233764905,0.06162245601244012,0
input_image_degree(1).png,12.655797505012252,0.07564906516891116,424.18128956970304,19361664164.000004,42007876.0,0.012442451919506943,0.03353258582708349,0.007134724388010198,0.07822671468528007,0.1692393133833321,0.1657121729660157,0.031089886388950768,0.05006528303754858,0.3999390485384025,0.05261781886586966,0
input_image_active.png,12.418629144108474,0.10096183795698269,85.26723436637128,10221829980.0,32653251.5,0.007452665185789244,0.028754315508753812,0.01794684898986003,0.1253429973441812,0.33642627859491914,0.2291844101705108,0.0634704483091392,0.04736393848323937,0.09753797568989105,0.04652012172371613,0
input_image_canvas.png,10.568061059103453,0.10686452093911217,52.60411906589179,15450670374.000011,48727897.5,0.008065205035713107,0.030266444487219935,0.019933505624913864,0.13176661134960346,0.32793185180797957,0.2285376818543707,0.06955029163899865,0.04935481776691432,0.08331957050875373,0.051274019925532675,0
input_image_avenue.png,12.142718854123283,0.10345662813381175,68.9023155106893,9583509407.0,31347994.5,0.008642232403165348,0.03143384266972095,0.02148844231570179,0.12909009266972096,0.33395264993752605,0.2270115316534777,0.06724411703456892,0.04880616149521033,0.08066625885047897,0.05166467097042899,0
input_image_carbon.png,11.554607043683195,0.10271608591877764,95.22618730440593,11538117530.999998,37157819.5,0.007135296883914886,0.029473587204440824,0.01741879788204331,0.12666812128242902,0.3190582221252478,0.2283335659815065,0.06752850391865355,0.04934399991326515,0.10508605046071115,0.049953854347787784,0
input_image_carbon (4).png,12.454394205600774,0.08445961367493346,475.0466674463665,20788775966.000008,45184137.0,0.014719781992900426,0.03923984366596149,0.009771594535479938,0.09867546344436874,0.17223708272078597,0.2149449603786439,0.037659292194055005,0.06251497005988024,0.28444619742550825,0.06579081358241601,0
input_image_bubble (1).png,12.269118754913093,0.08074242362187299,302.83320187796835,23521397894.000004,50060035.0,0.012371440737182287,0.03186959559786881,0.00765214210848109,0.08485866669578129,0.18648872172242117,0.1694539370250677,0.029957583631758232,0.04732536684426587,0.3805872783649227,0.04943526727225085,0
input_image_candle.png,11.57757987424189,0.10586884834014226,82.02281632387854,12119817805.000002,38700264.5,0.008042831913176444,0.031099414699285902,0.02197351859260199,0.13395845326724365,0.34092965100800243,0.22740723910628385,0.067618332081142,0.047320287311700855,0.07317025573975236,0.04848001628081053,0
input_image_branch (1).png,11.872966530612246,0.08407226561326644,580.4891221033779,24217197207.99999,50550974.5,0.011969306122448979,0.0353789387755102,0.007737469387755102,0.0933955918367347,0.14687738775510203,0.18285061224489796,0.03273404081632653,0.05713632653061224,0.37337338775510204,0.058546938775510204,0
input_image_carbon (1).png,12.427542445549648,0.07497684808620111,619.7991024429949,21154433384.000004,44893733.0,0.012984785751035108,0.03265219653287486,0.007080383173677634,0.07478429547088944,0.14102976124423358,0.16269749196197086,0.029879418754296436,0.048207998685668746,0.43819400509303363,0.05248966333231972,0
input_image_active (3).png,13.629029836742353,0.07530669110904913,666.6463738404466,15926874022.999998,34348573.5,0.011336085569525239,0.03145993619816101,0.008176018014636893,0.07504785137924563,0.1537661850253331,0.16467817601801463,0.032720960780634266,0.04255207355976731,0.4274385438168512,0.05282416963783074,0
input_image_bubble (4).png,12.352424634991772,0.08980464201941013,418.99259040346766,21858629855.000015,48233574.0,0.012124225342249922,0.03718497251496796,0.012302090262945976,0.11168236406288296,0.2195441336087672,0.24912292986940232,0.05150659990896677,0.06785616750113792,0.17372781065088758,0.0649487062777914,0
input_image_bubble.png,13.626403306227008,0.10072819162934286,61.48580365301449,9356392896.999998,29887216.5,0.0073939658061125645,0.027929707885248872,0.017948403375808657,0.12401647253996825,0.3566737041791105,0.23577375709778603,0.06418357836450164,0.0450065095464192,0.07476914456686339,0.04630475663818091,0
input_image_double.png,11.376922606286943,0.10367989840815572,71.25910084191385,14660461794.00001,46414841.5,0.007701821924759678,0.02999271805933282,0.0165697140848568,0.12435203324499831,0.3178141221662514,0.23531465301612703,0.06698305719142626,0.05182054514983163,0.09786112487388567,0.051590210288530405,0
input_image_belong.png,12.838586322405812,0.10503821715378023,52.40079289639375,10487353245.999998,34794892.5,0.008444427716511724,0.03046859121532613,0.02010764424705484,0.126571568369152,0.3459671045203056,0.22882155895968986,0.0662682073092702,0.045996462042229666,0.07626180887500471,0.05109262674545523,0
input_image_effort.png,12.045153809825289,0.10749815939662795,120.22031807022013,13456814903.999996,40069381.5,0.009150072595254771,0.03361460034594234,0.026669434985210454,0.13938581343969916,0.3375613550529368,0.22003307360851784,0.07328099846621507,0.04595944900713378,0.06165698486246379,0.052688217636626025,0
input_image_branch.png,10.915799708313077,0.10751626811721242,71.27238436087845,15238677545.000002,47545684.5,0.006954731333466785,0.02932997798049701,0.019132374388744315,0.13368412022076698,0.33661700363178815,0.23146329606222654,0.072156481455003,0.0455729360290543,0.07647230404072178,0.04861677485773113,0
input_image_decade.png,11.694710783721773,0.10583550654034227,55.72149122137453,15113462935.00001,46735601.5,0.007644004347301051,0.029543533389687234,0.01883105905083927,0.12979471078372176,0.33969931167733364,0.23116411061466008,0.06813549088274364,0.04769955319405869,0.07854848448255042,0.048939741577104214,0
input_image_detail(1).png,13.31056735321633,0.08048308201788786,444.00335423708714,17852214008.999996,39168699.0,0.011627887516756509,0.03485019137146481,0.009365235829558064,0.08738488006439855,0.2037842514756606,0.17974190374023688,0.03432971454105156,0.04971976255545756,0.33637363207476123,0.05282254083065424,0
input_image_bottle.png,11.179972685284016,0.10814801731614035,88.9879059008783,15603776347.999998,47123450.0,0.008312066991402899,0.03150410448485319,0.022237477925051912,0.13381299850569583,0.33414557821809077,0.22593830658464165,0.07120868831143627,0.047752236604630405,0.07399595373479012,0.05109258863940694,0
input_image_adjust.png,10.305747298919568,0.10880693038070083,54.35778566496217,19124951496.0,55712057.0,0.008749823458795283,0.031325030012004804,0.01981344008191512,0.1319965486194478,0.3210357672480757,0.2247755719935033,0.07220645611185651,0.05098620330485135,0.08493287020690629,0.05417828896264388,0
input_image_banana.png,11.827443016701096,0.10515652879849181,94.99534411733896,12678010875.000008,39362948.0,0.006543188263716256,0.028181086096425195,0.01929064108399566,0.12936661881586778,0.35363747767935294,0.22940233185112566,0.06696964392003081,0.04131367949301495,0.0800826301600084,0.04521270263646231,0
input_image_desert.png,12.347633175095261,0.10593593274538045,63.94611195416691,10206067922.999996,33666300.0,0.008711106699813433,0.029726632227527843,0.021963092946903656,0.1271151612337917,0.35211822415630056,0.23200358555789388,0.06638554982948439,0.04483963468251839,0.06841560834293565,0.04872140432283048,0
input_image_avenue (1).png,12.279271106700701,0.08521166880864031,413.2632437332948,21331985972.999992,45296477.5,0.013456399710666483,0.03819620877445735,0.009836741769836383,0.09788768598944292,0.1845233469431675,0.22083350769065224,0.03881343368344283,0.06101709100256455,0.2718464738972149,0.06358911053855489,0
input_image_desert(1).png,11.970755373868512,0.08414721738006899,573.4090458857894,22380287409.0,47027949.5,0.01400181936614182,0.0395122526448193,0.008816064329192965,0.09381948967902787,0.1604060443386267,0.18723327193908493,0.03536533321353968,0.06092490060870151,0.3358555513128636,0.06406527256800161,0
input_image_crutch.png,10.736594686702807,0.10816452031769502,59.80458187922736,14123979409.0,43867485.5,0.009271115672831632,0.030949806680484693,0.023787517936862245,0.13425616828762754,0.33538818359375,0.22153145926339285,0.07038474569515306,0.04747289540816327,0.07471948740433673,0.05223862005739796,0
input_image_create.png,10.452259812194772,0.10664244462673116,46.658135282270514,14934727547.999998,47634833.0,0.007443308316575696,0.028909167624245908,0.018442751723642632,0.12832160298764722,0.33490847637173227,0.23356704251651825,0.06745659472852629,0.04777048621085895,0.08449552032461936,0.04868504919563344,0
input_image_degree.png,10.995873933946104,0.1034981938184646,56.85184665864706,15049547698.000015,47520223.0,0.006534472913481552,0.02761954539593656,0.013589309068135349,0.12021657241798522,0.32252274862310965,0.23479549264123487,0.06569931293632228,0.04866202177236641,0.11101005728600637,0.04935046694542172,0
input_image_candle (1).png,11.059490710947653,0.0835299915210455,343.75702850209757,27467964488.000015,57748294.0,0.006987718245177222,0.02541433695267145,0.006297488863502014,0.08791996072754277,0.16676784715633466,0.19607184308329792,0.024029322219805027,0.051745562770439506,0.39348883616619723,0.041277083815032194,0
input_image_bottle (4).png,14.281321975138232,0.08157938543004657,516.4320354569658,13716478161.999998,31025371.0,0.013580479740628686,0.038398109285846124,0.009170685905512442,0.09581169899445466,0.19756197385421598,0.21757457326517346,0.04067523212609041,0.06128971422609924,0.2621680616969882,0.06376947090499081,0
input_image_create (2).png,15.447440762792464,0.11239616603112765,408.21783081240363,9215497950.999994,25130390.5,0.015393949997115146,0.04315182332041043,0.03670836365531399,0.14350749782705396,0.3007431754605064,0.1839587261231851,0.08100854474965986,0.05024111790861157,0.08000536024374219,0.06528144071440137,1
input_image_create(1).png,13.938671739045468,0.11303326758387358,278.071644295773,9697091157.999996,27786730.5,0.015933696762822244,0.0457221346426225,0.039641608147570485,0.1405556413773593,0.3131182659611494,0.18835114807859457,0.08388781456534565,0.05166679384837583,0.054423224744969655,0.06669967187119037,1
input_image_branch(1).png,13.842280957336108,0.114847954463688,248.51304118847747,10555396081.000008,30456387.0,0.015520499479708637,0.043058480749219565,0.03815192507804371,0.14380187304890737,0.3116836628511967,0.1898089490114464,0.08341311134235171,0.05086035379812695,0.05702559833506764,0.06667554630593132,1
input_image_nuance (1).png,13.605482450313529,0.11587501383670518,243.55745983336442,10987894687.999998,31416450.0,0.015638285152513552,0.04474937559783186,0.039794013710277396,0.1422457886066532,0.3144844696567117,0.18930179880965034,0.0832879423955787,0.05064300138165586,0.05344616856201509,0.06640915612711235,1
input_image_carbon (2).png,18.08408922654515,0.11410285369398566,363.4404968529734,8913628441.0,24616164.5,0.014447023984934845,0.03984970782511195,0.0353179423412804,0.14977826333834068,0.30162834491730695,0.18048537688044908,0.08064817543430916,0.04955472978315089,0.08378375464496977,0.06450668085014627,1
input_image_candle (5).png,10.649185584085453,0.09619273970804869,170.4745585624312,17351315526.999996,39834366.0,0.009229161315465488,0.030263652364039422,0.015669582359572883,0.11851386968080059,0.28764008548425263,0.21011209369357514,0.04255612592857839,0.04589654077267338,0.1915209136540722,0.048597974746969905,1
input_image_canvas(1).png,13.608754502558535,0.11126724786424931,256.38980834340236,10539759162.0,29862880.0,0.01560371644659884,0.0439940979337615,0.037176489988302364,0.1412459268700326,0.30426903528013344,0.18921825105768256,0.08495471246321944,0.052615305864791836,0.06171919150624647,0.06920327258923097,1
input_image_bubble(1).png,14.846019356224328,0.1179173919560101,333.8710161735548,10830828370.000002,30662021.0,0.01677561813739966,0.046439166152111466,0.0424659051249698,0.1472153614862144,0.30667434025074497,0.18473818089076216,0.08438984939192999,0.051256409568042095,0.052937662756047145,0.0671075062417783,1
input_image_canvas (2).png,13.89593976029223,0.10505588485493653,264.9962337056415,8671393430.999996,24160994.0,0.013814768406413451,0.0415387248238976,0.03226199866632309,0.13417615944323907,0.3117755016533266,0.1933969223143032,0.07932820451286368,0.05088626568496506,0.0771939280325905,0.06562752646207774,1
input_image_bottle(1).png,13.87943514038649,0.11608270056582036,252.60110711700244,10301886371.999998,29919061.0,0.016380794907025435,0.04480786706586626,0.04124820719998527,0.1433202405238909,0.3104702867977956,0.18730304303222103,0.08338507419723562,0.051731380401620675,0.0552692840012786,0.06608382187308064,1
input_image_adjust (5).png,11.121178930598427,0.10416889495122657,210.7391618279966,20593081874.999992,46147611.5,0.008582372904942482,0.03022785156357782,0.01913218941683292,0.13072103209212435,0.29931055497505304,0.2156162237319286,0.052829459828760424,0.04638008371232615,0.14777660877503843,0.049423622999415766,1
input_image_active (4).png,12.323969875346261,0.07955781768326865,298.66764313309784,13046025452.999994,29513538.5,0.006710526315789474,0.02566308864265928,0.014780124653739611,0.08398718836565097,0.24722818559556786,0.14428670360110804,0.032247229916897505,0.023819252077562327,0.3852302631578947,0.03604743767313019,1
input_image_nuance (2).png,17.237728613339158,0.12287744167802594,302.9368186247024,8571648047.000002,28548395.5,0.017684373146905526,0.050971801754002684,0.0464463499890765,0.14814417465122812,0.2940997471989014,0.18488811210636372,0.08352579507506008,0.053954308542180335,0.0509679005024812,0.06931743703380044,1
input_image_agenda(1).png,15.754119148921703,0.11688550885561098,250.76988456790482,9566395771.000002,28525069.5,0.015373396408907867,0.04338853862642341,0.04065178849171071,0.14645692848242955,0.3157971677185873,0.18447395752767773,0.08210080419657685,0.04980545276216281,0.056428048119206715,0.06552391766631707,1
input_image_adjust (2).png,21.236490781945328,0.12109958730081477,282.93653958857885,8572570815.999998,26080959.5,0.01534353758129982,0.04420754071103721,0.04136534793877451,0.14759254731282703,0.320115409066458,0.1898166169494841,0.08012518949581887,0.048518753973299425,0.052307692307692305,0.06060736466330872,1
input_image_canvas (5).png,11.832470414201184,0.0973131085820502,210.2654546671274,18963801172.0,42444450.0,0.008404823816056181,0.02939896808009664,0.016881308736512356,0.12033690956368624,0.28896956450523126,0.20522076738805511,0.04419314715095923,0.04252574681108085,0.19692727421633463,0.04714148973198747,1
input_image_bubble (2).png,14.326574539254477,0.11105699038717753,374.3307559210523,10089028258.0,27676972.0,0.01455936328613078,0.04288089598084131,0.032654037380258225,0.14009136817992504,0.27671412952936275,0.18977118908788004,0.07720415972511453,0.050289918263223654,0.10830285558100791,0.06753208298625572,1
input_image_active (1).png,17.18649237472767,0.12068687964136317,262.12360080095215,9531566733.999996,28565562.5,0.01565039087530437,0.044396599598445045,0.042484514502968945,0.149520269981631,0.30495792216668804,0.19298560382758767,0.08407877312144901,0.04909393822888632,0.05235934896834551,0.06447263872869409,1
input_image_branch (3).png,14.74889857644381,0.10392048572063087,313.9090048355009,15961546379.000011,35867886.0,0.008257397476949192,0.03050962540025462,0.019658192199375025,0.13311677790208712,0.291061301647313,0.21927703406504379,0.06374136800277767,0.054692334400678985,0.1282651132286563,0.051420855676864316,1
input_image_belong (2).png,13.685472810687756,0.11242283322399658,321.17897228649525,10025754104.999996,27755566.5,0.01512799270403297,0.04402642699507801,0.036558155401313,0.14267166059829714,0.29538571856224893,0.18949151008416817,0.08429348166609812,0.05330650719502092,0.07001830953557828,0.06912023725816445,1
input_image_banana (3).png,13.804690021155293,0.0987313287745514,261.13769990540425,16609318705.000004,36857978.0,0.007912797160170676,0.02891749435261214,0.01666320054501775,0.11901609953745204,0.2695729499085661,0.18113664885797268,0.04429703467316863,0.04205672487360608,0.24653734447273118,0.043889705618702715,1
input_image_adjust(1).png,12.81357752341311,0.11385837292367669,231.09376179999808,10329779415.999998,30104325.5,0.015851821019771072,0.04426056191467222,0.037317793964620184,0.13991758584807493,0.29858563995837667,0.19147055150884496,0.08471342351716961,0.053807284079084285,0.06383683662851197,0.07023850156087409,1
input_image_assume (5).png,12.80912684072208,0.07485124311437569,252.91959968464494,11336997581.999996,26704276.0,0.006849198435658213,0.0222901676161573,0.009887820725069012,0.08256311384994958,0.24511805407082676,0.1583091940082758,0.029309649990823586,0.02660213536059516,0.3863364167339919,0.03273424920865269,1
input_image_crutch (2).png,12.407168352171327,0.11184729165671026,231.6737370712682,10557341577.0,29387878.5,0.013926234384295062,0.041284949434860205,0.03241076740035693,0.14022903033908388,0.29077781082688875,0.19071386079714456,0.07736466389054135,0.05002379535990482,0.09850684116597264,0.06476204640095182,1
input_image_avenue(1).png,15.892027354570637,0.11979016518240543,330.3610916788042,9111415341.999994,27048941.0,0.01690270083102493,0.0461547783933518,0.043964681440443215,0.14881925207756233,0.3014456371191136,0.18527008310249307,0.0827441135734072,0.051398891966759,0.05668628808864266,0.06661357340720221,1
input_image_agenda (2).png,13.807907725443153,0.11262996096359124,231.97872343969732,11390493810.000011,31182529.0,0.014067542934825605,0.0415374356805071,0.03490326445140134,0.1423755467257806,0.3107033125648846,0.19253143118238078,0.0821368198925035,0.05090503399427482,0.06591547203686332,0.06492414053657836,1
input_image_banana (4).png,11.505281828029414,0.10007289495554686,204.24614967455958,18468168700.999992,42640359.0,0.009522593114284371,0.03224403286577879,0.017955925925479656,0.11876190625372776,0.29038065068843905,0.20017085963603765,0.04628753821146832,0.04217268872579438,0.19221709054235284,0.050286714036637224,1
input_image_notion (1).png,13.417040865129131,0.11255945587425997,237.4026954432454,10717787551.000004,31044365.5,0.01525467637368477,0.045199410139228395,0.03802542778191094,0.13723396482091615,0.31132426400255075,0.19166987724519077,0.08252902805824211,0.05200306887023063,0.05893957912636837,0.06782070358167712,1
input_image_branch (2).png,14.09340904434943,0.114569173836921,404.8865393436492,10306618450.999996,28033470.5,0.015468771684035924,0.045220095029771146,0.03814407782132024,0.1444511997673819,0.29328877023017297,0.18269770884411285,0.08028462672067987,0.05002775556598225,0.08414727631987629,0.06626971801666656,1
input_image_occupy (2).png,18.41674042065806,0.1257996935691954,297.8035576924635,9741124096.000002,32398155.0,0.017543146084964597,0.048269275822573926,0.047673820803831736,0.15376080279050397,0.2991705929820908,0.18098416024573094,0.0832140254060808,0.05220481049562682,0.04997429456476468,0.06720507080383174,1
input_image_belong(1).png,13.232166882762208,0.11170839431974959,244.02832753472768,10004570518.000002,29059323.5,0.01554491849737108,0.04396831684550536,0.037298730126045065,0.1395814319543355,0.30206142930185725,0.19215110749691564,0.08386891871375746,0.05270927966020358,0.06348148238632298,0.0693343850176861,1
input_image_candle(1).png,14.232813340505649,0.11232346545989774,266.77584676026146,8673937098.000002,25148939.0,0.016110323243190377,0.04543009438114333,0.038304073548828796,0.13915008068854223,0.3115242799158883,0.18830456257029685,0.08447161230378014,0.05142549757934373,0.05763802630935498,0.06764144945963128,1
input_image_bottle (2).png,14.495988547574894,0.11127122246643832,486.2162119742656,8630671981.0,23635134.5,0.01561905944243139,0.04533445581583011,0.037424057851816794,0.14244729634313824,0.28965285806286417,0.18393712028925907,0.08027754284960545,0.05116735593299245,0.08646736136435937,0.06767289204770292,1
input_image_assume (2).png,12.851347067605614,0.10948320262383564,300.02990282396576,9783679169.000004,26597236.5,0.014465979044100102,0.042893468494570146,0.0332881129464377,0.13834881961155915,0.2913459768626141,0.18771175752783098,0.07736606016811076,0.049419179352235,0.09774420713209579,0.06741643886044625,1
input_image_notion (5).png,11.307562956852646,0.10131921241263402,223.11179647379922,18547813306.000004,43424502.0,0.011351489446076295,0.034648035192032224,0.019671593568124826,0.12666360774255214,0.3001643430282586,0.2286185652968025,0.0627185361904193,0.05361675409173468,0.1020172375881612,0.060529837855838244,1
input_image_bubble (5).png,12.101014621349485,0.08899587381207905,289.47018214497507,15324827849.999994,34648067.5,0.009925542996026387,0.03280274680760773,0.01562285405655646,0.10356236256317272,0.2559731491840593,0.18082635700783148,0.04225299949847614,0.04099687512055862,0.2679171328266656,0.05011997993904556,1
input_image_bottle (4).png,11.17153121603671,0.09608844729115433,186.73296605396683,18542158252.00001,42930405.0,0.00891075957010023,0.02946021011955078,0.015679265789155898,0.11116773336553556,0.28695930443183193,0.19350803043110734,0.04388962685665982,0.03968965100833233,0.22581330757154933,0.04492211085617679,1
input_image_carbon(1).png,16.078781007294033,0.1188965510148417,234.5659798036778,9981743840.999996,28999308.0,0.01542269190822878,0.04135212455102849,0.04143031741202028,0.14992631172773926,0.3214406524684296,0.18505020491629115,0.08258186027615678,0.0479798194424849,0.05134891184434861,0.06346710545327211,1
input_image_avenue (2).png,19.320922895785532,0.11695797106195031,323.03071663587497,9217336760.000002,26123120.0,0.01483818379422775,0.042839029102765366,0.04035027472527473,0.15008188926458157,0.31563217002777444,0.18702074024876222,0.08234022159159522,0.04821466308416858,0.056741335587489436,0.06194149257336071,1
input_image_notion (2).png,15.860514574657941,0.12489970018115369,196.1998118795234,14067353031.999996,43701205.0,0.015654372397382512,0.047324509220701964,0.04516805472932778,0.14880279595478882,0.3115437239738251,0.19208804283164782,0.08156900654372397,0.0500639500297442,0.04569898869720405,0.06208655562165378,1
input_image_occupy (1).png,15.391025072049764,0.1177612594889948,413.8982706533127,9517123274.999994,27307431.5,0.01725933748634632,0.047579109825395934,0.04320268671802684,0.14709744968290858,0.2969319752413282,0.1862207883720467,0.08499245537986665,0.052643877626804864,0.05442089379747088,0.06965142586980504,1
input_image_banana(1).png,15.819981634275376,0.11834889159888101,261.90731754575177,10467002330.999996,29504200.5,0.015939804281680875,0.04552541048765111,0.04213323373811025,0.14626620706669224,0.3174152298456731,0.18555378142046544,0.08131287519530715,0.049342465941174855,0.05245196129492064,0.06405903072832433,1
input_image_bubble (4).png,14.761764705882353,0.10706370997571417,360.4580944260245,18419064860.000004,40921230.0,0.007206920415224914,0.027634602076124566,0.020042906574394465,0.13533010380622837,0.2859128027681661,0.22124290657439447,0.06461176470588235,0.05741314878892734,0.1321923875432526,0.048412456747404846,1
input_image_avenue (4).png,12.231343458884803,0.0926363461177104,230.45656490604307,13731591456.0,31997935.0,0.010829149775832908,0.035636862734570056,0.0174283202233617,0.11658031088082901,0.2834992214556096,0.2165326585948616,0.05229167225965798,0.052498053639023864,0.15758980106848505,0.057113949367768264,1
input_image_adjust (4).png,13.525728513878132,0.10350893045026008,284.44222332294964,16073350648.000004,36043791.0,0.009914770131043358,0.03324998614209373,0.020208572725543043,0.1297339731441267,0.28248555406905584,0.20834800273862192,0.05725637426234739,0.04886822104933564,0.15653890925543343,0.053395636482398964,1
input_image_adjust(2).png,11.465024327385356,0.09420223249521549,351.8305790369752,17568490866.000008,38059281.0,0.009193555843195266,0.03394132535133136,0.01519450351331361,0.11387498844304733,0.23945283607618342,0.18754911704881658,0.04680421366494083,0.04492620885724852,0.2580826437684911,0.050980607433431954,1
input_image_notion (3).png,13.041911793908355,0.09150464714112766,300.2867324461062,13409735729.999998,30855840.0,0.01117728419449476,0.036560580604053386,0.01709141958243614,0.11115639046071546,0.267814498179137,0.19458800492470485,0.0481505592095607,0.04468841571968552,0.2113530678390181,0.05741977928619408,1
input_image_carbon (5).png,12.185439469376446,0.0815349517075518,242.37692537350085,12734292121.0,29455452.5,0.00777848982387908,0.026277900827654434,0.012713139290382787,0.09378383753563299,0.2507288084597876,0.16723073183418355,0.03292089432234837,0.03301098609696935,0.3352773891743684,0.040277822634793445,1
input_image_active(1).png,11.038312251531488,0.09383825865280308,358.77774212044125,20367095079.000008,43673179.5,0.0077691069424561466,0.030710182244268445,0.01333207951982242,0.10401867852180337,0.2292276302553449,0.17151426439709924,0.03991952496965483,0.03870571800826775,0.3184863666340428,0.046316448507240156,1
input_image_active (3).png,14.278501410520008,0.10688926313721168,315.5392305741305,17696208903.0,39804120.5,0.009061020352084573,0.03073594209342434,0.021564455171975735,0.13497081611320613,0.2848808549007803,0.20852360049212856,0.06161825239125602,0.05449039700304197,0.1426579085088256,0.05149675297327676,1
input_image_banana (2).png,13.823795784634946,0.10480548834763655,319.005712708279,8280353010.000002,22851584.5,0.013874517091300309,0.04204997799403394,0.02957993055895154,0.13217663455425693,0.29137268326079513,0.19055406132329208,0.07598806787617976,0.0510910068952027,0.1062995745513228,0.06701354589466478,1
input_image_notion.png,13.259979397084171,0.11892468352797014,57.64256754169228,15582836821.000004,48439706.5,0.008560982835392129,0.028150585320310256,0.024647191898879633,0.14505642236426314,0.3634237647227808,0.2099320417983338,0.07050438990232692,0.04117216676242459,0.061587681341568515,0.046964773053720196,1
input_image_branch (4).png,11.638775126594176,0.09301973019187781,229.45884239904638,16200031808.000011,36884120.0,0.009661883903600458,0.03176531234157928,0.015169940932211596,0.11262894378592056,0.26848360398949656,0.19154026235895216,0.04419973684360422,0.04379389499945888,0.2326171530123433,0.05013926783283303,1
input_image_bubble(2).png,12.381191934764088,0.08712629623022954,363.3167120177837,14504898892.000006,32648311.0,0.009509513570530245,0.033938902186701286,0.013694673211895006,0.09877074120653982,0.2285041989533044,0.15785954805468783,0.03986368615359649,0.03595115420503874,0.3319907501318512,0.049916832325855004,1
input_image_nuance(2).png,12.810298929208804,0.09836667658769,368.72334304157135,18053009393.999992,39487201.0,0.007818262938726948,0.03022903033908388,0.0176279000594884,0.12447055324211778,0.2731513979773944,0.22618679357525281,0.06497174301011303,0.060675193337299226,0.13962671029149315,0.05524241522903034,1
input_image_avenue (3).png,14.348529681097045,0.10493793492971941,290.9888922408609,17473056909.000004,39029217.5,0.007647775920880932,0.029473626977404365,0.019263238021107576,0.1314315720793938,0.2901046793800508,0.22425368008974153,0.06574511801469747,0.05669083812183787,0.12522750165976054,0.050161969735125114,1
input_image_nuance (4).png,10.57494083446289,0.1041146454419886,168.73995442009718,22329301056.999996,52356881.5,0.009519876569575621,0.03088048779424776,0.01802315192140899,0.12809611185446368,0.31339429308624006,0.23847307150857955,0.060432747416547174,0.05167777337093196,0.0951671671584416,0.05433531931956363,1
input_image_carbon (3).png,11.375114030793878,0.09225580138785754,326.5749819857109,17668234349.00001,38372405.5,0.009571633588465646,0.03425234736561054,0.014328942684229263,0.11336607778568886,0.23884166963332146,0.19522906283374866,0.04598778479886081,0.04736449804200783,0.2478250711997152,0.05323291206835173,1
input_image_bottle (3).png,15.99403968160432,0.10375569103736433,351.9485422064821,18373541924.99999,40268431.5,0.006525760731817453,0.02517343983600848,0.017016238921236663,0.11956125912222691,0.2454734818138119,0.17851689904536913,0.03925652940233937,0.04258032393092334,0.28923236237040845,0.036663704825858325,1
input_image_assume(2).png,11.592838282338736,0.08863845015524276,458.3620426173862,17688616358.999996,37975125.5,0.006829683876755378,0.028787075225258266,0.012873714321178509,0.08970977369795928,0.21621690240971334,0.15268758357264967,0.03413290378636997,0.02590117410757105,0.3935898014567735,0.03927138754577101,1
input_image_bottle(2).png,10.843015924691295,0.08850680951397388,253.58564818621227,22524721238.000023,48070332.0,0.006247449435780805,0.02481211798852762,0.010295108877568333,0.09497498727583693,0.2239017098523997,0.15769823329007882,0.03371788581725809,0.0385427508952767,0.37331892025732616,0.03649083630994686,1
input_image_candle (3).png,12.24411054806076,0.09922889636034582,355.8463316647293,15281649364.999994,34311486.5,0.009582289158852035,0.03599554211897124,0.019295420820274738,0.13084865986490896,0.2830015577954424,0.22543239598790707,0.0683413480780006,0.05577738918409694,0.1120258113774483,0.059699585614097744,1
input_image_agenda (1).png,14.70631772118514,0.10981843384923572,344.29727944146,18250524991.0,40837738.5,0.006931777227592892,0.02649126416561148,0.02155064685080523,0.13849884217226985,0.29969166018826265,0.2262203449042462,0.06340366831860215,0.05177706189303798,0.11990869938042063,0.04552603489915093,1
input_image_candle (4).png,10.537110139791682,0.09956723699845933,294.21820791687696,19942477715.999992,43271041.0,0.00756470749471376,0.029943123972119977,0.015377819328060146,0.12295158195630042,0.2647696569817527,0.21892131333698803,0.053775256480538804,0.05041873874226643,0.18655410564648758,0.049723696060772184,1
input_image_assume(1).png,13.351638965535194,0.11678316736094185,234.89683364370842,10939249725.999996,31322627.0,0.01634247448979592,0.04501705018742191,0.04053812213660975,0.14359739431486881,0.30841153425655976,0.18847940962099125,0.08444398167430238,0.05076335381091212,0.05469238077884215,0.06771429872969596,1
input_image_occupy (3).png,12.12845683343429,0.092965084108532,269.7842519158431,14203520002.0,32622963.5,0.012100415387393896,0.038030561899754026,0.01798360506392235,0.11276033633752663,0.2703518246518593,0.19732259729798413,0.04833133817392569,0.04881880702786244,0.19448409013538848,0.05981642402438303,1
input_image_assume (4).png,13.69533320411775,0.09225979473269653,350.36796754091966,12341072875.999992,28030410.0,0.007845318078648815,0.029673090613333238,0.015933368233616945,0.10436392421687206,0.25843358107704206,0.15851310300353774,0.037971267043324056,0.03004262302802831,0.3170914176096687,0.04013230709592808,1
input_image_bubble (3).png,14.330408220667035,0.10660314780008003,264.3856642040296,20651964724.000004,46092374.0,0.009049455578650292,0.030586754638546175,0.017935632425010964,0.13103654583245933,0.27617226978890563,0.210435298716653,0.05585324459869186,0.05687701416830342,0.1617698937853969,0.050283890467382394,1
input_image_occupy (5).png,11.5686328125,0.09789862116114069,185.51742713936525,14406764701.999994,35316903.0,0.0100421875,0.03474375,0.01925,0.1246015625,0.2997796875,0.2331265625,0.0645546875,0.0548234375,0.098409375,0.06066875,1
input_image_notion(1).png,12.42521090583467,0.09816131607340002,356.86676421900046,16364544122.999996,36987162.5,0.010648388160995382,0.03759043029503252,0.019511735319068715,0.12550222688283533,0.27633966443585634,0.21578376849844472,0.06323493024790272,0.0530151286643416,0.13764698604958053,0.060726741445942124,1
input_image_occupy (4).png,11.098304024989492,0.1036731906744891,308.9287271136519,19038204785.99999,44221117.0,0.009206313790401668,0.03483533190467048,0.021522044821270125,0.13182787552991113,0.31035019536013203,0.23947961042128257,0.07366088801946856,0.05066391311792695,0.06910897099952781,0.0593448560354087,1
input_image_canvas (4).png,11.668712362394999,0.09881071371048628,352.71736826053314,21223361197.0,45575379.0,0.008262796012378108,0.03131399243505019,0.015742371019090547,0.11962494478477508,0.24035976198990103,0.21049095460163994,0.05173094316884042,0.05544289106299052,0.21494529207462004,0.05208605285071412,1
input_image_create (4).png,11.187588901437685,0.09831606671665946,357.0009287689913,21392737317.0,46172977.0,0.009157229632795092,0.033925704343579256,0.014527029089466133,0.11792191935533103,0.24394981838161228,0.2242849729861726,0.05690790879399286,0.0627868502182473,0.17957327309911175,0.056965294099691706,1
input_image_banana(2).png,10.885713442903427,0.08615596718160846,301.1757638500888,20325920595.0,43513115.5,0.006264718462544432,0.02509451772606821,0.010637853304556025,0.09065220918284571,0.21709701525557887,0.1629871534554894,0.03370189920403538,0.036784479918977785,0.38006327402520146,0.03671687946470273,1
input_image_avenue(2).png,11.965201765854287,0.09396154864208262,362.19044104169126,16643143894.0,36586690.0,0.009412613077405626,0.03466339135481829,0.0164053843312677,0.1110987342365846,0.2496042657223763,0.17700754533356003,0.04416834243033611,0.039481089764259625,0.2681744631204967,0.04998417062889505,1
input_image_agenda(2).png,12.278406795282947,0.09600380907393817,434.862125336159,15877731431.999994,34751963.0,0.010664187773036035,0.03959653796621297,0.018067725562485797,0.12177091487588697,0.25743352440594935,0.2106812327971516,0.05876903361026237,0.051101929244211,0.17059070478018232,0.0613242089846216,1
input_image_belong (1).png,14.077590219761374,0.10775743725577619,326.1343281590864,17378520055.999992,39040212.5,0.006737388833084254,0.026045952594723365,0.020445633235286913,0.1361111071079092,0.3077235696199248,0.22951797765925097,0.06494986950362377,0.051346829247905644,0.11148901337245583,0.045632658825835254,1
input_image_notion (4).png,11.131025467669001,0.09806383768774811,298.0468938050705,22246120742.999996,48308745.5,0.00941199037132901,0.03468310755528612,0.01583662991779161,0.12238902814598353,0.2586633765944674,0.2135275012698905,0.05890752710579816,0.05942613973413406,0.17009902185869344,0.05705567744662612,1
input_image_nuance.png,14.813780153973836,0.11904541531139809,54.695223741931436,16044166460.00002,48860745.0,0.00883125696390006,0.027616019148145942,0.024088789439173915,0.1452434556534259,0.3633883414569281,0.20767553613433049,0.0698590942230007,0.041787985638890544,0.06371022839299552,0.04779929294920881,1
input_image_canvas (3).png,13.279921875,0.10093988659978101,385.9350790253296,15833247990.00001,35379694.0,0.0112125,0.0378296875,0.02105,0.1301109375,0.278975,0.2187953125,0.0674609375,0.0544734375,0.1179109375,0.06218125,1
input_image_create (5).png,12.530579339486268,0.08912378041641246,280.7467154595565,13760674676.0,31716538.0,0.009826270105506898,0.03416382676722418,0.015801505746299408,0.10581269091646443,0.2682887343751022,0.19127785663359084,0.042022880541074434,0.041775956462869815,0.23958503672791256,0.05144524172395523,1
input_image_carbon (4).png,11.136897512853569,0.09069453547006541,325.37257284428654,19721370011.999996,42305960.0,0.007217871173865854,0.02901416058170997,0.01118222258457368,0.10494703157723097,0.22823810567187602,0.18328501036947958,0.03975306880544614,0.044056275445989536,0.3085060306039776,0.043800223185850626,1
input_image_banana.png,17.02756405737416,0.12097791158190609,138.404230381179,9188904908.000002,29697887.5,0.011222028949391847,0.03234633033915283,0.03296932098937473,0.15440659320841824,0.33393610411157437,0.20272115758220607,0.07519005313454467,0.04454383149086581,0.06023171973290096,0.052432860461570495,1
input_image_create (3).png,13.193513841287515,0.09539890894398975,489.7824568259548,13166183027.99999,29612217.5,0.011212746076691354,0.039223334710399446,0.01815067703780667,0.1193579444008078,0.26037187877326456,0.20399963829851364,0.05531018562023826,0.047663036058446705,0.18482236733622812,0.05988819168760339,1
input_image_nuance (3).png,11.772663057119294,0.09877463517947756,333.3559178371974,17958563826.000008,40707835.0,0.010368245544838468,0.036435870773423217,0.019936175553085446,0.12832586324357273,0.29675642726523,0.22933486320771632,0.07376528380365019,0.05612965685395676,0.08617160887805228,0.0627760048764746,1
input_image_active (5).png,13.25156045870228,0.11052309412750667,31.91523251832698,10963693570.000004,35938688.0,0.006031354332994629,0.024553636231673684,0.014588474379445493,0.12895921033531718,0.37982580926114096,0.2123457686166352,0.05970823051241109,0.04526926985048628,0.08598635505878938,0.04273189142110611,1
input_image_avenue.png,15.585146721410458,0.11667379758146938,51.28512515419584,12717889894.999998,41977071.5,0.006442458640260838,0.026046371211206377,0.01796159884071972,0.14043231493780944,0.3627375920782514,0.21366018596787828,0.06489433643279797,0.04340780099021857,0.07975365294046613,0.04466368796039126,1
input_image_branch(2).png,12.001767235715583,0.09287913177335008,337.6517916470322,17095026699.99999,37351123.0,0.009884413630599014,0.035483494727082406,0.014725487909125402,0.11654306843498506,0.24675157862722547,0.19871436185369296,0.05108300397591126,0.051881729558309185,0.21860277649414095,0.05633008478892827,1
input_image_notice.png,13.373346541576831,0.12052427100132283,73.72959263782055,15299527967.999992,47137304.5,0.00961125665813205,0.029924282515290366,0.02761838958530793,0.1492527551198791,0.3469090450701579,0.20799891543354712,0.07402998493261298,0.04305681249249307,0.06118762405026109,0.050410934142318425,1
input_image_candle.png,16.37569777759405,0.11866574010687002,68.03213220550063,11218341395.0,36348778.5,0.009047301975849254,0.028888472219556524,0.024336769871067088,0.14784543405051312,0.35642649288602735,0.2056917686973391,0.07033066648556315,0.04345893945187641,0.06572876696553669,0.048245387396671335,1
input_image_create.png,17.445802467455497,0.12490499265620134,112.69566328696676,14015316755.000002,44124399.0,0.010622357557092852,0.030240002177676098,0.033348139881044445,0.1575424925235183,0.3518988469452525,0.20377232891322827,0.07319218857685154,0.04030433023468172,0.051780435807429095,0.04729887738322521,1
input_image_canvas.png,13.63891549701641,0.11805304779364664,44.304803474007755,15494983760.000008,48949368.5,0.008526496949208913,0.028053382294819067,0.023012202025356247,0.14339002857731878,0.36218363062932746,0.20590476429122212,0.06980086996237908,0.0436268250929133,0.06652854485750635,0.04897325531994865,1
input_image_assume (3).png,14.748560386953532,0.1079612907023819,280.25338030527,22094512879.0,49171905.0,0.006036267294272831,0.022894901189297115,0.017937143767059936,0.12732514870448944,0.268367136053738,0.1987225022332495,0.04792762351761359,0.047846311778570065,0.22735213968453305,0.035590825777176475,1
input_image_nuance(1).png,12.527342504516952,0.09787061047508022,372.7253492422539,14960272433.999996,34110658.0,0.010584945265171643,0.03774145764693378,0.02033458656605378,0.12622057338718248,0.29811051918376025,0.2307265649909661,0.07014726591561271,0.05414031778084812,0.08824164363906897,0.06375212562440216,1
input_image_adjust (1).png,13.76026749108522,0.1229287305203657,101.51074636286604,14911176446.999998,46038082.5,0.00961795160275357,0.03001110772105795,0.029464064377109512,0.1556820998836788,0.33990341526668066,0.20967372857115615,0.0746457924143323,0.0433534829618047,0.058966266852272076,0.048682090349154286,1
input_image_bubble.png,14.901266413275332,0.11753460966136098,42.58894121166109,13248268981.000004,42865580.5,0.008805578789364586,0.02708010167421365,0.02252181644218,0.1412153002887959,0.3755073992192604,0.20278788988386717,0.06650582043491182,0.042337503714971116,0.0666625702709515,0.04657601928148383,1
input_image_branch.png,13.780176920317183,0.1191960211788236,46.70295042223515,13573267746.999998,44434002.5,0.008952580097825971,0.02810809402754804,0.023952088718280858,0.14406182620319904,0.3607199479966515,0.20469095778753696,0.069819705148592,0.04353622769699288,0.06785773910943081,0.04830083321394192,1
input_image_bottle.png,13.295979097111337,0.11566259208863008,58.726521743902396,11814242728.0,37381923.0,0.008800987080853535,0.0277616490056612,0.024375090724343157,0.14129046305704746,0.38010741762229644,0.20425170561765132,0.06795616199738713,0.04047466976339091,0.05861663521556104,0.04636521991580781,1
input_image_assume.png,13.489856708042474,0.11630831205199096,65.80051323186925,13537129598.999994,42364229.0,0.007004026632723509,0.02612565642434494,0.020462107136774196,0.14296431417876584,0.36833223035407586,0.21736925795282716,0.0675166324504732,0.04117254712798503,0.06489158515671624,0.044161642585314034,1
input_image_belong (4).png,14.095027103406206,0.12296522272402288,98.21284373968663,15079548517.999998,46036023.0,0.010580288814292484,0.03050602511009019,0.03184975024777252,0.15475605697097627,0.34975457837839846,0.20450358264837584,0.07461386462031104,0.04114075582683021,0.053059820514946156,0.04923527686800684,1
